{"stats":{"minecraft:used":{"minecraft:netherrack":4,"minecraft:glass":9,"minecraft:black_concrete":155,"minecraft:sea_lantern":40,"minecraft:glowstone":1,"minecraft:dirt":135,"minecraft:potion":4,"minecraft:light_blue_concrete":127,"minecraft:flint_and_steel":4,"minecraft:smooth_quartz_slab":12,"minecraft:lantern":1,"minecraft:dark_oak_fence":87,"minecraft:stone_button":2,"minecraft:stone":233,"minecraft:white_concrete":167,"minecraft:jukebox":1,"minecraft:milk_bucket":4},"minecraft:custom":{"minecraft:time_since_rest":38719,"minecraft:crouch_one_cm":962,"minecraft:play_one_minute":170491,"minecraft:sprint_one_cm":29921,"minecraft:deaths":1,"minecraft:damage_taken":280,"minecraft:walk_one_cm":381909,"minecraft:sneak_time":2094,"minecraft:walk_under_water_one_cm":2223,"minecraft:jump":270,"minecraft:minecart_one_cm":100606,"minecraft:damage_dealt":12,"minecraft:leave_game":6,"minecraft:play_record":3,"minecraft:walk_on_water_one_cm":2840,"minecraft:time_since_death":38683,"minecraft:fly_one_cm":561204},"minecraft:picked_up":{"minecraft:rail":3}},"DataVersion":1976}