{"stats":{"minecraft:used":{"charlie_wonka_factory_mod:mint_grass":3025,"minecraft:oak_fence":7,"charlie_wonka_factory_mod:chocolate_river_bucket":1279,"minecraft:nether_brick_fence":1,"minecraft:jungle_leaves":27,"minecraft:iron_bars":391,"minecraft:rose_bush":2,"minecraft:enchanting_table":7,"minecraft:flint_and_steel":13,"minecraft:armor_stand":15,"minecraft:dispenser":119,"minecraft:redstone_ore":8,"minecraft:red_concrete":25,"minecraft:red_sandstone_slab":1780,"minecraft:redstone":246,"minecraft:ladder":4,"minecraft:oak_sign":20,"minecraft:light_gray_carpet":3,"minecraft:white_concrete_powder":49,"minecraft:chest":2,"minecraft:brown_concrete":82,"minecraft:stone":653,"minecraft:zombie_spawn_egg":2,"minecraft:white_shulker_box":1,"minecraft:quartz_stairs":116,"minecraft:grass":1,"minecraft:player_head":12,"minecraft:netherrack":6,"minecraft:orange_stained_glass":3,"minecraft:torch":26,"minecraft:brewing_stand":3,"minecraft:dirt":234,"minecraft:lily_of_the_valley":3,"charlie_wonka_factory_mod:factory_block_2_0_0_5":2483,"minecraft:hopper":4,"minecraft:nether_quartz_ore":17,"minecraft:nether_bricks":1,"minecraft:cobblestone_wall":62,"minecraft:acacia_button":1,"minecraft:snowball":6,"minecraft:blue_concrete":22,"minecraft:nether_brick_stairs":2,"minecraft:milk_bucket":5,"minecraft:obsidian":9,"minecraft:purple_stained_glass_pane":26,"minecraft:glass":774,"charlie_wonka_factory_mod:chocolate_block":3749,"minecraft:stone_brick_slab":718,"minecraft:brown_terracotta":24,"minecraft:sea_lantern":32,"minecraft:cyan_terracotta":223,"minecraft:stripped_dark_oak_wood":10,"minecraft:quartz_pillar":128,"minecraft:quartz_slab":191,"minecraft:red_wool":37,"minecraft:black_stained_glass_pane":103,"minecraft:iron_block":624,"minecraft:grass_block":948,"charlie_wonka_factory_mod:green_bush":57,"minecraft:slime_block":211,"minecraft:acacia_slab":1,"minecraft:quartz_block":451,"minecraft:smooth_quartz":8,"minecraft:dark_oak_button":1,"minecraft:stone_brick_stairs":502,"minecraft:stone_bricks":2416,"minecraft:bedrock":4,"minecraft:repeater":199,"minecraft:red_carpet":54,"minecraft:purple_concrete":399,"minecraft:glowstone":129,"minecraft:bow":84,"minecraft:redstone_lamp":150,"minecraft:lime_concrete":8,"minecraft:snow":869,"minecraft:black_stained_glass":125,"minecraft:iron_trapdoor":126,"minecraft:minecart":64,"minecraft:gold_block":51,"minecraft:acacia_wood":7,"minecraft:egg":228,"minecraft:stone_pressure_plate":1,"minecraft:observer":356,"minecraft:water_bucket":1135,"minecraft:end_rod":1,"minecraft:cobblestone_stairs":4,"minecraft:spruce_door":2,"minecraft:dropper":1,"minecraft:snow_block":64,"minecraft:red_stained_glass":52,"minecraft:powered_rail":122,"minecraft:polished_andesite":94,"minecraft:orange_tulip":2,"minecraft:ender_pearl":15,"minecraft:red_mushroom_block":103,"minecraft:redstone_block":100,"minecraft:cauldron":1,"minecraft:diamond_axe":3,"minecraft:pink_concrete":15,"charlie_wonka_factory_mod:mushroom_cream":1,"minecraft:music_disc_cat":1,"minecraft:sand":13,"minecraft:rail":993,"minecraft:comparator":9,"minecraft:vine":27,"minecraft:light_blue_concrete":72,"minecraft:tnt":45,"minecraft:crafting_table":4,"charlie_wonka_factory_mod:berry_bush":45,"minecraft:black_banner":13,"minecraft:crossbow":1,"minecraft:sponge":82,"minecraft:stone_brick_wall":1,"minecraft:gray_concrete":198,"minecraft:lingering_potion":7,"minecraft:infested_stone_bricks":75,"minecraft:dark_oak_door":45,"minecraft:mushroom_stem":31,"minecraft:birch_fence":6,"minecraft:redstone_torch":16,"minecraft:purple_stained_glass":13,"minecraft:black_terracotta":43,"minecraft:sticky_piston":142,"minecraft:piston":12,"charlie_wonka_factory_mod:chocolate_river_block":1346,"minecraft:lever":24,"minecraft:black_concrete":588,"minecraft:activator_rail":1,"charlie_wonka_factory_mod:mushroom":61,"minecraft:firework_rocket":4,"minecraft:birch_fence_gate":2,"charlie_wonka_factory_mod:gobstoper":15,"minecraft:command_block":102,"minecraft:heavy_weighted_pressure_plate":36,"minecraft:light_gray_concrete":36,"minecraft:stone_button":23,"minecraft:oak_button":3,"minecraft:barrier":71,"minecraft:pig_spawn_egg":6,"minecraft:spruce_pressure_plate":8,"minecraft:detector_rail":77,"minecraft:red_terracotta":74,"minecraft:spruce_trapdoor":6,"minecraft:oak_pressure_plate":4,"minecraft:iron_door":30,"minecraft:polished_andesite_slab":21,"minecraft:chiseled_stone_bricks":5,"minecraft:diamond_sword":5,"minecraft:green_shulker_box":1,"minecraft:zombie_pigman_spawn_egg":1,"minecraft:coal_block":545,"minecraft:potion":26,"minecraft:end_crystal":1,"minecraft:red_concrete_powder":10,"minecraft:dark_oak_fence":2,"minecraft:jungle_door":8,"minecraft:white_stained_glass":9,"minecraft:bucket":38,"minecraft:lapis_block":143,"minecraft:glass_pane":65,"minecraft:repeating_command_block":3,"minecraft:smooth_stone_slab":903,"minecraft:oak_boat":3,"charlie_wonka_factory_mod:candy_cane":54,"minecraft:white_concrete":164,"minecraft:splash_potion":237,"minecraft:coarse_dirt":33,"minecraft:purple_carpet":4,"minecraft:cobweb":139,"minecraft:jukebox":9},"minecraft:custom":{"minecraft:mob_kills":8,"minecraft:inspect_hopper":2,"minecraft:interact_with_crafting_table":5,"minecraft:fill_cauldron":1,"minecraft:open_shulker_box":5,"minecraft:leave_game":119,"minecraft:time_since_death":20462,"minecraft:sprint_one_cm":530183,"minecraft:walk_one_cm":919002,"minecraft:drop":51,"minecraft:talked_to_villager":2,"minecraft:deaths":8,"minecraft:sneak_time":58261,"minecraft:walk_under_water_one_cm":297922,"minecraft:boat_one_cm":5320,"minecraft:jump":5788,"minecraft:interact_with_brewingstand":2,"minecraft:walk_on_water_one_cm":254391,"minecraft:play_record":24,"minecraft:play_one_minute":4061977,"minecraft:time_since_rest":20485,"minecraft:damage_taken":5875,"minecraft:minecart_one_cm":1119245,"minecraft:damage_dealt":694,"minecraft:swim_one_cm":39308,"minecraft:fly_one_cm":17311937,"minecraft:open_chest":1,"minecraft:crouch_one_cm":50941,"minecraft:fall_one_cm":45438,"minecraft:inspect_dispenser":23},"minecraft:picked_up":{"minecraft:chicken":1,"minecraft:redstone_lamp":2,"minecraft:potion":1,"minecraft:acacia_button":1,"minecraft:heavy_weighted_pressure_plate":5,"minecraft:music_disc_cat":1,"charlie_wonka_factory_mod:green_bush":2,"minecraft:snow":1,"minecraft:sticky_piston":3,"minecraft:oak_sign":3,"minecraft:oak_boat":2,"minecraft:observer":2,"minecraft:quartz_stairs":1,"minecraft:coal_block":1,"minecraft:egg":5,"minecraft:dark_oak_door":11,"minecraft:tipped_arrow":63,"minecraft:spruce_pressure_plate":5,"minecraft:jungle_door":2,"charlie_wonka_factory_mod:chocolate_block":1,"minecraft:porkchop":3,"minecraft:stone_button":8,"minecraft:redstone":16,"minecraft:end_crystal":1,"charlie_wonka_factory_mod:mushroom":1,"minecraft:quartz_block":1,"minecraft:red_shulker_box":1,"minecraft:command_block":15,"minecraft:iron_block":2,"minecraft:cyan_terracotta":1,"minecraft:black_banner":4,"minecraft:blaze_rod":1,"minecraft:obsidian":1,"minecraft:snowball":16,"minecraft:rail":67,"minecraft:cooked_beef":36,"minecraft:repeater":2,"minecraft:water_bucket":2,"minecraft:leather":8,"minecraft:jungle_fence":1,"minecraft:green_shulker_box":1,"minecraft:dirt":209,"charlie_wonka_factory_mod:berry_bush":2,"minecraft:red_carpet":12,"minecraft:stone_bricks":24,"minecraft:powered_rail":1,"minecraft:purple_concrete":3,"minecraft:cooked_porkchop":23,"charlie_wonka_factory_mod:candy_cane":4,"charlie_wonka_factory_mod:mint_grass":1,"minecraft:light_blue_shulker_box":1,"minecraft:spruce_door":2,"minecraft:firework_rocket":122,"minecraft:dispenser":1,"minecraft:slime_block":8,"minecraft:lever":3,"minecraft:crossbow":1,"minecraft:oak_button":1,"minecraft:red_concrete":1,"minecraft:ender_pearl":16},"minecraft:crafted":{"minecraft:leather_leggings":2,"minecraft:leather_boots":2,"minecraft:firework_star":192,"minecraft:leather_chestplate":2,"minecraft:firework_rocket":576},"minecraft:killed":{"minecraft:chicken":1,"minecraft:pig":6,"minecraft:cow":1},"minecraft:mined":{"minecraft:grass_block":2,"minecraft:purple_stained_glass_pane":1,"minecraft:stripped_dark_oak_wood":1,"minecraft:glass":5,"minecraft:dirt":1,"minecraft:redstone_lamp":2},"minecraft:dropped":{"minecraft:water_bucket":1,"charlie_wonka_factory_mod:mint_grass":1,"minecraft:command_block":35,"minecraft:coal_block":1,"minecraft:cyan_terracotta":1,"minecraft:iron_block":1,"minecraft:wooden_axe":2,"minecraft:heavy_weighted_pressure_plate":1,"minecraft:quartz_block":1,"minecraft:stone_bricks":1,"minecraft:glass":1,"minecraft:quartz_slab":1}},"DataVersion":1976}