{"stat.useItem.conquest.stone_fullpartial_6":5,"stat.useItem.conquest.plants_nocollision_10":2,"stat.useItem.minecraft.painting":118,"stat.useItem.conquest.plants_nocollision_11":12,"stat.useItem.conquest.wood_half_1":27,"stat.leaveGame":1,"stat.useItem.conquest.stone_layer_8":6,"stat.useItem.conquest.stone_nocollision_1":7,"stat.useItem.conquest.stone_nocollision_2":11,"stat.useItem.conquest.stone_nocollision_3":5,"stat.useItem.conquest.plants_lilypad_1":2,"stat.useItem.conquest.plants_lilypad_2":20,"stat.useItem.minecraft.water_bucket":91,"stat.useItem.conquest.stone_full_6":13,"stat.useItem.conquest.glass_pane_4":2,"stat.useItem.conquest.grass_full_1":44,"stat.useItem.conquest.stone_full_1":1,"stat.useItem.conquest.wood_fence_5":45,"stat.useItem.conquest.stone_full_2":36,"stat.useItem.conquest.stone_full_3":5,"stat.useItem.conquest.wood_fence_1":1,"stat.useItem.conquest.flowerpot_black":3,"stat.useItem.conquest.stone_corner_86":1,"stat.furnaceInteraction":2,"stat.drop.minecraft.stone_slab":2,"stat.useItem.conquest.cloth_ironclimbironbar_1":7,"stat.useItem.minecraft.double_plant":72,"stat.useItem.conquest.cloth_pane_1":3,"stat.useItem.conquest.hanger_clothes":2,"stat.useItem.conquest.wood_trapdoormodel_13":4,"achievement.openInventory":266,"stat.useItem.minecraft.cauldron":4,"stat.drop.conquest.stone_stairs_12":1,"stat.playOneMinute":237312,"stat.useItem.conquest.wood_enchantedbook_1":7,"stat.useItem.conquest.stone_full_12":11,"stat.useItem.conquest.wood_slab_3":70,"stat.useItem.conquest.wood_slab_9":18,"stat.useItem.minecraft.clay":46,"stat.useItem.conquest.stone_full_19":14,"stat.crouchOneCm":10589,"stat.useItem.conquest.wood_smallpillar_5":4,"stat.drop.conquest.leaves_full_2":1,"stat.drop.conquest.leaves_full_3":1,"stat.useItem.conquest.wood_smallpillar_1":21,"stat.useItem.conquest.wood_nocollision_1":2,"stat.drop.minecraft.double_plant":2,"stat.useItem.minecraft.dark_oak_fence":8,"stat.useItem.conquest.cloth_nocollision_1":15,"stat.useItem.conquest.bed_fancygreen":2,"stat.pickup.minecraft.wheat_seeds":4,"stat.useItem.minecraft.wool":115,"stat.useItem.conquest.stone_full_21":1,"stat.useItem.conquest.stone_full_22":2,"stat.useItem.conquest.stone_full_24":40,"stat.useItem.conquest.door_oaknowindow":1,"stat.flowerPotted":22,"stat.useItem.conquest.shutters_light":3,"stat.useItem.conquest.wood_hopperdirectional_5":6,"stat.useItem.conquest.wood_hopperdirectional_4":2,"stat.useItem.conquest.flowerpot":1,"stat.useItem.minecraft.log":3,"stat.useItem.conquest.wood_hopperdirectional_8":8,"stat.useItem.minecraft.cobblestone":1,"stat.useItem.minecraft.gravel":28,"stat.useItem.conquest.glass_glass_4":8,"stat.useItem.conquest.stone_pillar_1":2,"stat.useItem.conquest.glass_glass_2":3,"stat.useItem.conquest.stone_pillar_3":3,"stat.useItem.conquest.ground_directionalfullpartial_1":28,"stat.drop.minecraft.sapling":1,"stat.useItem.minecraft.tallgrass":2,"stat.useItem.conquest.stone_verticalslab_91":2,"stat.drop.conquest.stone_pillar_1":1,"stat.drop.conquest.stone_full_2":1,"stat.useItem.conquest.stone_trapdoormodel_8":88,"stat.useItem.conquest.wood_fencegate_13":6,"stat.useItem.minecraft.stonebrick":1,"stat.useItem.conquest.stone_verticalslab_98":64,"stat.useItem.conquest.wood_ironbar_1":14,"stat.sneakTime":12605,"stat.pickup.minecraft.wool":1,"stat.useItem.conquest.wood_log_5":2,"stat.useItem.conquest.rope_ladder":5,"stat.useItem.conquest.wood_log_9":3,"stat.useItem.minecraft.brewing_stand":1,"stat.pickup.conquest.plants_lilypad_1":1,"stat.drop.minecraft.grass":2,"stat.useItem.conquest.wood_log_4":1,"stat.useItem.minecraft.web":10,"stat.useItem.conquest.stone_stairs_12":128,"stat.useItem.conquest.wood_verticalslab_18":2,"stat.useItem.conquest.wood_verticalslab_16":4,"stat.useItem.conquest.wood_verticalslab_17":2,"stat.useItem.minecraft.log2":2,"stat.useItem.minecraft.skull":7,"stat.useItem.conquest.iron_ironbar_1":67,"stat.useItem.conquest.stone_verticalslab_34":2,"stat.swimOneCm":3585,"stat.drop.conquest.vine_ivy":1,"stat.climbOneCm":2123,"stat.useItem.conquest.wood_directionalnocollision_2":3,"stat.useItem.minecraft.dirt":35,"achievement.exploreAllBiomes":{"value":0,"progress":["Plains"]},"stat.useItem.conquest.trapdoor_lightslotted":4,"stat.useItem.minecraft.red_flower":22,"stat.useItem.conquest.wheel":1,"stat.useItem.minecraft.leaves2":99,"stat.flyOneCm":1240185,"stat.useItem.conquest.barrel_cauldron":3,"stat.useItem.conquest.wood_pillar_1":5,"stat.useItem.conquest.wood_pillar_2":1,"stat.useItem.conquest.stone_stairs_3":2,"stat.timeSinceDeath":237312,"stat.useItem.conquest.wood_full_8":44,"stat.useItem.conquest.wood_full_7":1,"stat.useItem.conquest.wood_full_6":15,"stat.useItem.conquest.wood_full_5":2,"stat.useItem.conquest.wood_full_4":2,"stat.cauldronFilled":1,"stat.useItem.conquest.wood_full_3":21,"stat.useItem.conquest.wood_full_2":29,"stat.useItem.conquest.wood_full_1":104,"stat.useItem.conquest.ground_full_1":63,"stat.useItem.conquest.stone_slab_4":40,"stat.drop.minecraft.dirt":1,"stat.useItem.conquest.nomaterial_nocollision_1":21,"stat.useItem.conquest.cloth_directionalnocollision_1":3,"stat.useItem.minecraft.armor_stand":3,"stat.drop.conquest.plants_nocollision_1":2,"stat.useItem.conquest.vine_ivy":41,"stat.drop.conquest.plants_nocollision_3":2,"stat.drop.conquest.plants_nocollision_5":2,"stat.drop.conquest.plants_nocollision_7":1,"stat.useItem.conquest.wood_fullpartial_2":5,"stat.useItem.conquest.wood_fullpartial_1":4,"stat.sprintOneCm":13447,"stat.useItem.conquest.plants_nocollisionbiome_1":17,"stat.useItem.minecraft.stone_slab":30,"stat.useItem.conquest.wood_directionalcollisiontrapdoor_2":1,"stat.drop":29,"stat.useItem.conquest.iron_brewingstandlight10_1":2,"stat.useItem.conquest.torch_10_1":1,"stat.diveOneCm":5084,"stat.useItem.conquest.stone_stairs_93":54,"stat.useItem.conquest.furnace_iron":3,"stat.useItem.minecraft.carpet":31,"stat.useItem.conquest.wood_hopperdirectional_10":9,"stat.pickup.conquest.stone_verticalslab_98":1,"stat.jump":362,"stat.useItem.minecraft.wooden_hoe":26,"stat.drop.conquest.iron_ironbar_1":2,"stat.useItem.minecraft.sapling":7,"stat.brewingstandInteraction":1,"stat.drop.conquest.wood_smallpillar_1":1,"stat.drop.conquest.plants_lilypad_2":1,"stat.drop.conquest.plants_lilypad_1":1,"stat.useItem.conquest.ground_layer_10":30,"stat.useItem.conquest.stone_directionalnocollision_1":3,"stat.useItem.conquest.cloth_climbironbar_1":27,"stat.useItem.minecraft.crafting_table":1,"stat.walkOneCm":122815,"stat.useItem.conquest.plants_nocollision_2":35,"stat.useItem.conquest.plants_nocollision_1":12,"stat.useItem.conquest.plants_nocollision_4":109,"stat.useItem.conquest.plants_nocollision_3":98,"stat.useItem.minecraft.chest":2,"stat.useItem.conquest.stone_pillar_10":3,"stat.useItem.conquest.plants_nocollision_6":10,"stat.useItem.conquest.plants_nocollision_5":116,"stat.useItem.conquest.plants_nocollision_8":10,"stat.useItem.conquest.plants_nocollision_7":65,"stat.useItem.conquest.plants_nocollision_9":5,"stat.useItem.conquest.glass_pane_3":2,"stat.useItem.conquest.glass_pane_2":13,"stat.pickup.conquest.plants_nocollision_1":1,"stat.useItem.minecraft.spruce_stairs":1,"stat.useItem.minecraft.stained_hardened_clay":167,"stat.useItem.minecraft.leaves":288,"stat.useItem.conquest.iron_stairs_2":1,"stat.useItem.conquest.nomaterial_nocollisionlight5_1":2,"stat.useItem.minecraft.redstone_ore":11,"stat.useItem.conquest.wood_connectedxz_1":2,"stat.drop.conquest.stone_verticalslab_98":3,"stat.useItem.conquest.campfire":1,"stat.useItem.conquest.leaves_full_2":92,"stat.useItem.conquest.wood_fulltrapdoormodel_1":4,"stat.useItem.conquest.iron_fullpartiallight10_1":13,"stat.useItem.conquest.shutters_dark":11}