{"stat.useItem.conquest.stone_fullpartial_6":2,"stat.useItem.conquest.plants_nocollision_10":5,"stat.useItem.conquest.cauldron":2,"stat.useItem.minecraft.painting":21,"stat.useItem.conquest.stone_arrowslit_4":1,"stat.useItem.conquest.wood_half_1":18,"stat.leaveGame":2,"stat.useItem.minecraft.planks":61,"stat.useItem.conquest.stone_nocollision_1":49,"stat.useItem.conquest.stone_nocollision_2":12,"stat.useItem.conquest.stone_nocollision_3":4,"stat.useItem.conquest.plants_lilypad_1":10,"stat.useItem.conquest.plants_lilypad_2":33,"stat.useItem.minecraft.water_bucket":196,"stat.useItem.conquest.rope_climbing_ladder":2,"stat.pickup.conquest.stone_nocollision_3":1,"stat.useItem.conquest.glass_pane_4":26,"stat.useItem.conquest.grass_full_1":65,"stat.useItem.conquest.stone_full_1":20,"stat.useItem.conquest.wood_fence_5":11,"stat.useItem.conquest.wood_fence_2":24,"stat.useItem.conquest.stone_full_2":132,"stat.useItem.conquest.stone_full_3":5,"stat.useItem.conquest.flowerpot_black":2,"stat.useItem.conquest.stone_trapdoormodel_193":2,"stat.useItem.conquest.rope_rail":2,"stat.pickup.minecraft.double_plant":1,"stat.furnaceInteraction":2,"stat.drop.conquest.wood_trapdoormodel_30":1,"stat.useItem.conquest.cloth_ironclimbironbar_1":17,"stat.useItem.minecraft.double_plant":14,"stat.pickup.conquest.ground_full_1":2,"stat.useItem.conquest.cloth_pane_1":18,"stat.useItem.conquest.hanger_clothes":9,"stat.useItem.conquest.wood_trapdoormodel_14":3,"stat.useItem.conquest.wood_trapdoormodel_13":5,"stat.useItem.conquest.wood_trapdoormodel_11":5,"stat.useItem.conquest.stone_wall_3":1,"achievement.openInventory":451,"stat.useItem.minecraft.cauldron":7,"stat.useItem.conquest.cauldron_irongrille":1,"stat.playOneMinute":248236,"stat.useItem.conquest.box_carrots":1,"stat.useItem.conquest.stone_full_12":2,"stat.useItem.conquest.stone_full_13":3,"stat.useItem.conquest.wood_slab_3":16,"stat.useItem.conquest.wood_slab_9":87,"stat.useItem.conquest.stone_full_17":1,"stat.useItem.minecraft.clay":28,"stat.useItem.conquest.wood_slab_7":7,"stat.useItem.conquest.jungle_rail":3,"stat.crouchOneCm":4454,"stat.useItem.conquest.wood_stairs_3":4,"stat.useItem.conquest.wood_smallpillar_4":7,"stat.useItem.conquest.wood_smallpillar_1":6,"stat.useItem.conquest.wood_nocollision_1":10,"stat.pickup.conquest.wood_log_4":1,"stat.useItem.conquest.wood_stairs_25":10,"stat.drop.minecraft.double_plant":1,"stat.useItem.minecraft.dark_oak_fence":10,"stat.useItem.conquest.cloth_nocollision_1":23,"stat.useItem.conquest.wood_stairs_32":14,"stat.useItem.conquest.wood_stairs_34":11,"stat.useItem.conquest.wood_stairs_35":2,"stat.useItem.conquest.box_apple":11,"stat.useItem.minecraft.wool":58,"stat.useItem.conquest.stone_full_21":3,"stat.useItem.conquest.stone_full_20":2,"stat.useItem.conquest.stone_full_23":27,"stat.useItem.conquest.stone_full_25":2,"stat.useItem.conquest.stone_full_24":3,"stat.useItem.conquest.stone_full_26":3,"stat.useItem.conquest.door_oaknowindow":4,"stat.useItem.conquest.stone_corner_79":3,"stat.useItem.conquest.wood_trapdoormodel_33":2,"stat.useItem.conquest.wood_trapdoormodel_30":10,"stat.flowerPotted":18,"stat.useItem.conquest.wood_hopperdirectional_5":7,"stat.drop.conquest.wood_full_2":1,"stat.useItem.conquest.wood_hopperdirectional_4":3,"stat.useItem.conquest.wood_hopperdirectional_9":3,"stat.useItem.minecraft.log":75,"stat.drop.conquest.wood_full_4":1,"stat.useItem.conquest.wood_hopperdirectional_8":5,"stat.useItem.minecraft.cobblestone":1,"stat.useItem.minecraft.gravel":22,"stat.useItem.conquest.glass_glass_4":5,"stat.useItem.conquest.glass_glass_2":11,"stat.useItem.conquest.glass_glass_1":3,"stat.useItem.conquest.stone_pillar_3":5,"stat.drop.minecraft.planks":1,"stat.useItem.minecraft.tallgrass":24,"stat.drop.conquest.stone_full_2":1,"stat.useItem.minecraft.stonebrick":51,"stat.useItem.conquest.wood_slab_1":5,"stat.useItem.conquest.wood_ironbar_1":16,"stat.sneakTime":9570,"stat.useItem.conquest.wood_log_5":3,"stat.useItem.conquest.wood_log_8":5,"stat.useItem.conquest.painting0":1,"stat.useItem.conquest.wood_log_9":1,"stat.useItem.minecraft.brewing_stand":3,"stat.useItem.conquest.wood_log_4":7,"stat.useItem.minecraft.web":5,"stat.useItem.conquest.wood_log_3":6,"stat.useItem.conquest.wood_verticalslab_16":5,"stat.useItem.conquest.wood_verticalslab_17":5,"stat.useItem.conquest.wood_verticalslab_14":7,"stat.useItem.minecraft.log2":250,"stat.drop.conquest.ground_full_1":1,"stat.useItem.minecraft.skull":2,"stat.swimOneCm":1386,"stat.useItem.conquest.wood_directionalnocollision_2":2,"stat.useItem.conquest.furnace_ironlit":2,"stat.useItem.minecraft.dirt":508,"achievement.exploreAllBiomes":{"value":0,"progress":["Plains"]},"stat.useItem.minecraft.red_flower":23,"stat.drop.conquest.glass_pane_4":2,"stat.useItem.conquest.wheel":3,"stat.flyOneCm":1021604,"stat.useItem.conquest.iron_directionalnocollision_1":2,"stat.useItem.conquest.wood_pillar_1":11,"stat.useItem.conquest.wood_verticalslab_13":5,"stat.timeSinceDeath":248236,"stat.useItem.conquest.wood_full_8":48,"stat.drop.conquest.wood_stairs_32":1,"stat.useItem.conquest.wood_full_7":133,"stat.useItem.conquest.wood_full_6":135,"stat.useItem.conquest.wood_full_5":2,"stat.useItem.conquest.wood_full_4":94,"stat.useItem.conquest.wood_full_3":1,"stat.cauldronFilled":1,"stat.useItem.conquest.wood_full_2":24,"stat.useItem.minecraft.wooden_slab":87,"stat.useItem.conquest.wood_full_1":29,"stat.useItem.conquest.ground_full_1":94,"stat.useItem.conquest.stone_verticalslab_45":7,"stat.pickup.conquest.wood_full_6":1,"stat.drop.conquest.stone_trapdoormodel_193":1,"stat.pickup.conquest.nomaterial_nocollision_1":2,"stat.useItem.conquest.nomaterial_nocollision_1":24,"stat.useItem.conquest.cloth_directionalnocollision_1":3,"stat.useItem.minecraft.armor_stand":3,"stat.useItem.conquest.wood_anvil_1":3,"stat.useItem.conquest.vine_ivy":11,"stat.drop.conquest.plants_nocollision_2":1,"stat.drop.conquest.plants_nocollision_4":1,"stat.useItem.conquest.wood_fullpartial_2":6,"stat.sprintOneCm":20879,"stat.useItem.conquest.stone_stairs_79":23,"stat.useItem.minecraft.stone_slab":34,"stat.useItem.conquest.ground_soulsand_1":17,"stat.drop.conquest.grass_full_1":1,"stat.useItem.conquest.anvil_sword":1,"stat.drop":16,"stat.useItem.minecraft.purpur_block":1,"stat.useItem.conquest.torch_10_2":1,"stat.useItem.conquest.torch_10_1":1,"stat.useItem.minecraft.birch_stairs":15,"stat.useItem.conquest.ice_nocollision_1":2,"stat.useItem.conquest.shutters_red":3,"stat.useItem.conquest.stone_stairs_93":7,"stat.useItem.conquest.door_wood1":2,"stat.useItem.conquest.door_wood2":2,"stat.useItem.minecraft.waterlily":8,"stat.useItem.conquest.furnace_iron":1,"stat.useItem.conquest.wood_hopperdirectional_10":6,"stat.useItem.minecraft.carpet":32,"stat.useItem.conquest.bed_fancywhite":1,"stat.useItem.minecraft.flower_pot":2,"stat.jump":381,"stat.useItem.conquest.grass_layer_1":109,"stat.useItem.minecraft.sapling":5,"stat.brewingstandInteraction":1,"stat.pickup.conquest.hanger_clothes":1,"stat.useItem.conquest.ground_layer_10":52,"stat.useItem.conquest.wood_fencegate_1":6,"stat.useItem.conquest.cloth_climbironbar_1":44,"stat.useItem.minecraft.crafting_table":4,"stat.walkOneCm":106474,"stat.useItem.conquest.plants_nocollision_2":63,"stat.useItem.conquest.plants_nocollision_1":27,"stat.useItem.conquest.plants_nocollision_4":128,"stat.useItem.conquest.plants_nocollision_3":120,"stat.useItem.minecraft.chest":1,"stat.useItem.minecraft.pumpkin":1,"stat.useItem.conquest.box_grapes":1,"stat.useItem.minecraft.dark_oak_fence_gate":11,"stat.useItem.conquest.plants_nocollision_6":22,"stat.useItem.conquest.plants_nocollision_5":30,"stat.useItem.conquest.plants_nocollision_8":2,"stat.useItem.conquest.plants_nocollision_7":21,"stat.useItem.conquest.door_elven2":1,"stat.useItem.conquest.plants_nocollision_9":1,"stat.pickup.conquest.plants_nocollision_4":1,"stat.useItem.minecraft.item_frame":2,"stat.useItem.conquest.glass_pane_2":25,"stat.drop.conquest.stone_full_13":1,"stat.pickup.conquest.plants_nocollision_2":1,"stat.useItem.minecraft.spruce_stairs":15,"stat.useItem.minecraft.stained_hardened_clay":102,"stat.useItem.minecraft.leaves":146,"stat.useItem.conquest.nomaterial_nocollisionlight5_1":3,"stat.useItem.conquest.wood_connectedxz_1":9,"stat.useItem.conquest.campfire":1,"stat.useItem.conquest.leaves_full_3":4,"stat.useItem.conquest.wood_fulltrapdoormodel_1":5,"stat.useItem.conquest.leaves_full_2":159,"stat.useItem.conquest.cake_icingfruit":1,"stat.drop.minecraft.spruce_stairs":1,"stat.useItem.conquest.iron_fullpartiallight10_1":17,"stat.pickup.conquest.grass_full_1":1,"stat.useItem.conquest.stone_verticalslab_1":16,"stat.useItem.conquest.shutters_dark":39}