{"stat.useItem.minecraft.bow":28,"stat.useItem.minecraft.quartz_block":703,"stat.killEntity.EntityHorse":226,"stat.useItem.minecraft.painting":138,"stat.leaveGame":371,"stat.useItem.minecraft.bookshelf":24,"stat.useItem.minecraft.soul_sand":2,"stat.killEntity.Ozelot":14,"stat.useItem.minecraft.glowstone":338,"stat.useItem.minecraft.planks":2862,"stat.useItem.minecraft.nether_brick_stairs":123,"stat.useItem.minecraft.red_sandstone_stairs":26,"stat.useItem.minecraft.sandstone_stairs":46,"stat.useItem.minecraft.rail":148,"stat.killEntity.Enderman":1,"stat.useItem.minecraft.anvil":16,"stat.killEntity.Witch":1,"stat.killEntity.MushroomCow":2,"stat.killEntity.Villager":644,"stat.useItem.minecraft.spawn_egg":484,"stat.useItem.minecraft.oak_stairs":20,"stat.useItem.minecraft.dark_oak_stairs":252,"stat.useItem.minecraft.minecart":17,"stat.useItem.minecraft.redstone":1999,"achievement.mineWood":5,"stat.useItem.minecraft.trapdoor":10,"stat.useItem.minecraft.stained_glass":80,"stat.useItem.minecraft.fence":55,"stat.useItem.minecraft.stone_stairs":3,"stat.useItem.minecraft.dark_oak_door":334,"stat.useItem.minecraft.acacia_fence":94,"achievement.openInventory":5017,"stat.useItem.minecraft.cauldron":11,"stat.useItem.minecraft.flint_and_steel":15,"stat.useItem.minecraft.wooden_button":37,"stat.useItem.minecraft.hopper":279,"stat.useItem.minecraft.dye":34,"stat.deaths":12,"stat.playOneMinute":11386849,"stat.useItem.minecraft.jungle_stairs":281,"stat.useItem.minecraft.nether_brick":440,"stat.useItem.minecraft.stone":3059,"stat.useItem.minecraft.clay":662,"stat.fallOneCm":2481,"stat.useItem.minecraft.trapped_chest":8,"stat.crouchOneCm":167841,"stat.useItem.minecraft.nether_brick_fence":6,"stat.craftItem.minecraft.banner":4,"stat.useItem.minecraft.golden_rail":26,"stat.useItem.minecraft.dark_oak_fence":119,"stat.useItem.minecraft.furnace":17,"stat.killEntity.Rabbit":5,"stat.useItem.minecraft.wool":2396,"stat.useItem.minecraft.iron_bars":246,"stat.useItem.minecraft.torch":573,"stat.useItem.minecraft.log":287,"stat.useItem.minecraft.comparator":148,"stat.useItem.minecraft.cobblestone":597,"stat.useItem.minecraft.gravel":18,"stat.minecartOneCm":3149536,"stat.useItem.minecraft.tallgrass":22,"stat.useItem.minecraft.glass_pane":93,"stat.useItem.minecraft.birch_door":6,"stat.useItem.minecraft.iron_sword":14,"stat.useItem.minecraft.barrier":145,"stat.useItem.minecraft.jungle_door":12,"stat.useItem.minecraft.wooden_pressure_plate":60,"stat.useItem.minecraft.stonebrick":503,"stat.useItem.minecraft.wooden_door":1,"stat.useItem.minecraft.monster_egg":16,"stat.useItem.minecraft.spruce_door":79,"stat.useItem.minecraft.brick_stairs":12,"stat.useItem.minecraft.lapis_block":1182,"stat.horseOneCm":411152,"stat.useItem.minecraft.repeater":934,"stat.useItem.minecraft.iron_axe":8,"stat.useItem.minecraft.log2":19,"stat.useItem.minecraft.beacon":79,"stat.useItem.minecraft.skull":411,"stat.useItem.minecraft.diamond_sword":96,"stat.swimOneCm":150350,"stat.useItem.minecraft.snow":1164,"stat.climbOneCm":16155,"stat.useItem.minecraft.coal_block":38,"stat.useItem.minecraft.obsidian":77,"stat.useItem.minecraft.redstone_torch":494,"stat.useItem.minecraft.dirt":2107,"stat.useItem.minecraft.stone_slab2":75,"achievement.exploreAllBiomes":{"value":0,"progress":["Sky","Sunflower Plains","Cold Taiga","Birch Forest","Roofed Forest","Extreme Hills+ M","Beach","Mega Taiga Hills","Extreme Hills+","Cold Beach","River","Ocean","Taiga","Mega Taiga","MushroomIsland","Swampland","Birch Forest Hills","Savanna Plateau","ForestHills","Flower Forest","Plains","Ice Plains Spikes","Extreme Hills Edge","TaigaHills","DesertHills","Stone Beach","Jungle","Ice Plains","Birch Forest Hills M","Forest","JungleHills","Desert","Extreme Hills","Deep Ocean","Swampland M","Savanna","Hell"]},"stat.useItem.minecraft.red_flower":4,"stat.useItem.minecraft.leaves2":2,"stat.useItem.minecraft.spruce_fence_gate":1,"stat.useItem.minecraft.brick_block":14,"stat.flyOneCm":56678005,"stat.timeSinceDeath":3467143,"stat.useItem.minecraft.sign":396,"stat.useItem.minecraft.melon_block":34,"stat.useItem.minecraft.wooden_slab":1836,"stat.useItem.minecraft.iron_door":66,"stat.useItem.minecraft.noteblock":30,"stat.killEntity.Bat":2,"stat.useItem.minecraft.lever":149,"stat.killEntity.Wolf":1,"stat.useItem.minecraft.acacia_stairs":189,"stat.killEntity.Creeper":2,"stat.useItem.minecraft.armor_stand":6,"stat.talkedToVillager":5,"stat.useItem.minecraft.milk_bucket":5,"stat.useItem.minecraft.sea_lantern":409,"stat.useItem.minecraft.written_book":424,"stat.useItem.minecraft.dropper":56,"stat.killEntity.Squid":8,"stat.useItem.minecraft.diamond_block":6,"stat.sprintOneCm":102194,"stat.useItem.minecraft.stone_slab":758,"stat.useItem.minecraft.bed":4,"stat.useItem.minecraft.stone_pressure_plate":86,"stat.drop":1244,"stat.killEntity.Sheep":13,"stat.useItem.minecraft.banner":816,"stat.killEntity.Zombie":6,"stat.useItem.minecraft.birch_stairs":78,"stat.diveOneCm":225783,"stat.useItem.minecraft.sticky_piston":63,"stat.useItem.minecraft.quartz_stairs":211,"stat.useItem.minecraft.heavy_weighted_pressure_plate":69,"stat.useItem.minecraft.carpet":399,"stat.useItem.minecraft.potion":268,"stat.useItem.minecraft.stained_glass_pane":345,"stat.useItem.minecraft.flower_pot":1,"stat.useItem.minecraft.bedrock":24,"stat.useItem.minecraft.sand":1195,"stat.useItem.minecraft.iron_trapdoor":99,"stat.jump":11201,"stat.useItem.minecraft.piston":16,"stat.useItem.minecraft.stone_button":289,"stat.useItem.minecraft.dispenser":21,"stat.useItem.minecraft.glass":229,"stat.boatOneCm":107273,"stat.useItem.minecraft.redstone_lamp":119,"stat.damageTaken":2044,"stat.useItem.minecraft.stone_brick_stairs":125,"stat.useItem.minecraft.gold_block":389,"stat.useItem.minecraft.acacia_door":5,"stat.useItem.minecraft.slime":64,"stat.useItem.minecraft.birch_fence":209,"stat.damageDealt":132091,"stat.useItem.minecraft.snow_layer":2,"stat.killEntity.Cow":4,"stat.useItem.minecraft.crafting_table":2,"stat.killEntity.Pig":89,"stat.useItem.minecraft.command_block":1033,"stat.walkOneCm":13224802,"stat.useItem.minecraft.chest":56,"stat.useItem.minecraft.tnt":52,"stat.useItem.minecraft.dark_oak_fence_gate":5,"stat.useItem.minecraft.emerald_block":3,"stat.useItem.minecraft.gold_ore":1,"stat.useItem.minecraft.item_frame":151,"stat.useItem.minecraft.spruce_stairs":101,"stat.mineBlock.minecraft.wool":1,"stat.useItem.minecraft.stained_hardened_clay":3765,"stat.useItem.minecraft.leaves":53,"stat.useItem.minecraft.netherrack":12,"stat.killEntity.Skeleton":7,"stat.killEntity.Chicken":58,"stat.useItem.minecraft.iron_block":474,"stat.killEntity.Spider":3,"stat.mobKills":1164,"stat.useItem.minecraft.boat":5,"stat.useItem.minecraft.cobblestone_wall":107,"stat.useItem.minecraft.writable_book":204,"stat.useItem.minecraft.sandstone":945}