{"stats":{"minecraft:picked_up":{"minecraft:potion":1,"minecraft:red_tulip":1,"minecraft:white_tulip":1,"minecraft:sea_pickle":2,"minecraft:spruce_door":2},"minecraft:custom":{"minecraft:jump":5,"minecraft:time_since_rest":7782,"minecraft:leave_game":1,"minecraft:play_time":7782,"minecraft:walk_on_water_one_cm":361,"minecraft:time_since_death":7782,"minecraft:walk_one_cm":3133,"minecraft:sneak_time":307,"minecraft:total_world_time":7879,"minecraft:walk_under_water_one_cm":476,"minecraft:fly_one_cm":137161},"minecraft:used":{"minecraft:snow_block":59}},"DataVersion":3218}